{"cameraMode":{"drawMode":0,"name":"Shaded","section":"Shading Mode"},"sceneLighting":true,"audioPlay":false,"sceneViewState":{"showFog":true,"showMaterialUpdate":true,"showSkybox":true,"showFlares":true,"showImageEffects":true,"showParticleSystems":true},"in2DMode":false,"pivot":{"x":-0.5954277515411377,"y":0.15084195137023927,"z":0.19327080249786378},"rotation":{"x":-0.18088875710964204,"y":0.811846911907196,"z":-0.448068231344223,"w":-0.3277480900287628},"size":5.393816947937012,"orthographic":false}